{
  "items": [
    {
      "article": "GKCH023BS",
      "title": "Unmatched: Місто туманів (Cobble & Fog)",
      "price": "1 450 грн",
      "avaible": "В наявності",
      "comments": "45"
    },
    {
      "article": "GKCH021RB",
      "title": "Unmatched: Робін Гуд проти Біґфута",
      "price": "975 грн",
      "avaible": "В наявності",
      "comments": "6"
    },
    {
      "article": "GKCH054RB",
      "title": "Unmatched: Червона Шапочка проти Беовульфа",
      "price": "975 грн",
      "avaible": "В наявності",
      "comments": "18"
    },
    {
      "article": "GKCH03536",
      "title": "Комплект Marvel United + У всесвіті Людини-павука",
      "price": "2 248 грн",
      "avaible": "В наявності",
      "comments": "2"
    },
    {
      "article": "GKCH148",
      "title": "Unmatched: Гудіні проти Джина (Houdini vs. The Genie)",
      "price": "975 грн",
      "avaible": "В наявності",
      "comments": "12"
    },
    {
      "article": "GKCH158",
      "title": "Котяча риберня (Fish & Katz)",
      "price": "880 грн",
      "avaible": "В наявності",
      "comments": "8"
    },
    {
      "article": "GKCH099AR",
      "title": "Авалон (Avalon Класична версія)",
      "price": "760 грн",
      "avaible": "В наявності",
      "comments": "8"
    },
    {
      "article": "GKCH007",
      "title": "Одним словом (Just One)",
      "price": "750 грн",
      "avaible": "В наявності",
      "comments": "6"
    },
    {
      "article": "GKCH010ORI",
      "title": "Орифлама (Oriflamme)",
      "price": "535 грн",
      "avaible": "В наявності",
      "comments": "36"
    },
    {
      "article": "GKCH040OR2",
      "title": "Орифлама. Полум'я інтриг (Oriflamme: Ablaze)",
      "price": "535 грн",
      "avaible": "В наявності",
      "comments": "11"
    },
    {
      "article": "GKCH142MH1",
      "title": "Монстри проти героїв. Вікторіанські жахи",
      "price": "450 грн",
      "avaible": "В наявності",
      "comments": "4"
    },
    {
      "article": "GKCH044OKM",
      "title": "Острів котів. Мандруй та малюй (The Isle of Cats Explore & Draw)",
      "price": "1 200 грн",
      "avaible": "В наявності",
      "comments": "4"
    },
    {
      "article": "GKCH069RF",
      "title": "Riftforce. Сила розлому",
      "price": "845 грн",
      "avaible": "В наявності",
      "comments": "18"
    },
    {
      "article": "GKCH180bc",
      "title": "Пачка чипсів (Bag of Chips)",
      "price": "475 грн",
      "avaible": "В наявності",
      "comments": "1"
    },
    {
      "article": "GKCH073SP",
      "title": "Sweet & Spicy. Битва котиків",
      "price": "495 грн",
      "avaible": "В наявності",
      "comments": "3"
    },
    {
      "article": "GKCH072HM",
      "title": "Голодна мавпа (Hungry Monkey)",
      "price": "495 грн",
      "avaible": "В наявності",
      "comments": "3"
    },
    {
      "article": "GKCH067LV",
      "title": "Level 10. Десятий рівень",
      "price": "325 грн",
      "avaible": "В наявності",
      "comments": "10"
    },
    {
      "article": "GKCH068TT",
      "title": "Стежки Тукани (Trails of Tucana)",
      "price": "700 грн",
      "avaible": "В наявності",
      "comments": "3"
    },
    {
      "article": "GKCH079BM",
      "title": "B Movies. (НЕ)погане кіно (Обк. Робот-убивця)",
      "price": "550 грн",
      "avaible": "В наявності",
      "comments": "2"
    },
    {
      "article": "GKCH086FN",
      "title": "За Нортвуд! (For Northwood! A Solo Trick-Taking Game)",
      "price": "425 грн",
      "avaible": "В наявності",
      "comments": "6"
    },
    {
      "article": "GKCH156",
      "title": "Експедиції (Expeditions)",
      "price": "3 250 грн",
      "avaible": "В наявності",
      "comments": "22"
    },
    {
      "article": "GKCH160",
      "title": "Нортґард. Незвідані землі (Northgard: Uncharted Lands)",
      "price": "2 950 грн",
      "avaible": "В наявності",
      "comments": "19"
    },
    {
      "article": "GKCH164",
      "title": "Книга магії (Spellbook)",
      "price": "1 499 грн",
      "avaible": "В наявності",
      "comments": "3"
    },
    {
      "article": "GKCH166",
      "title": "Radlands. Українське видання",
      "price": "975 грн",
      "avaible": "В наявності",
      "comments": "15"
    },
    {
      "article": "GKCH167T",
      "title": "Істота. Настільна гра (The Thing: The Boardgame)",
      "price": "2 250 грн",
      "avaible": "В наявності",
      "comments": "17"
    },
    {
      "article": "GKCH016ZKE",
      "title": "Діти проти зомбі (Zombie Kidz Evolution)",
      "price": "850 грн",
      "avaible": "В наявності",
      "comments": "18"
    },
    {
      "article": "GKCH080HN",
      "title": "Ханамікоджі (Hanamikoji)",
      "price": "405 грн",
      "avaible": "В наявності",
      "comments": "12"
    },
    {
      "article": "GKCH020UM",
      "title": "Unmatched: Битва легенд. Частина перша",
      "price": "1 450 грн",
      "avaible": "В наявності",
      "comments": "58"
    },
    {
      "article": "GKCH026RR",
      "title": "Червоний світанок (Red Rising)",
      "price": "1 590 грн",
      "avaible": "В наявності",
      "comments": "16"
    },
    {
      "article": "GKCH029CL",
      "title": "Коатль (Coatl) + промо",
      "price": "1 450 грн",
      "avaible": "В наявності",
      "comments": "7"
    },
    {
      "article": "GKCH033CUB",
      "title": "Кубітос (Cubitos)",
      "price": "2 200 грн",
      "avaible": "В наявності",
      "comments": "13"
    },
    {
      "article": "GKCH035MU",
      "title": "Marvel United. Українське видання",
      "price": "1 650 грн",
      "avaible": "В наявності",
      "comments": "20"
    },
    {
      "article": "GKCH053UM2",
      "title": "Unmatched: Битва легенд. Частина друга",
      "price": "1 450 грн",
      "avaible": "В наявності",
      "comments": "17"
    },
    {
      "article": "GKCH078S1",
      "title": "Шерлок. 3 в 1. Набір 1",
      "price": "450 грн",
      "avaible": "В наявності",
      "comments": "5"
    },
    {
      "article": "GKCH085MA",
      "title": "Шерлок. Середньовіччя. 3 в 1. Набір 1",
      "price": "450 грн",
      "avaible": "В наявності",
      "comments": "3"
    },
    {
      "article": "GKCH092S2",
      "title": "Шерлок. 3 в 1. Набір 2",
      "price": "450 грн",
      "avaible": "В наявності",
      "comments": "3"
    },
    {
      "article": "GKCH109S3",
      "title": "Шерлок. 3 в 1. Набір 3",
      "price": "450 грн",
      "avaible": "В наявності",
      "comments": ""
    },
    {
      "article": "GKCH118S4",
      "title": "Шерлок. 3 в 1. Набір 4",
      "price": "450 грн",
      "avaible": "В наявності",
      "comments": "2"
    },
    {
      "article": "GKCH124S51",
      "title": "Шерлок. 3 в 1. Набір 5",
      "price": "450 грн",
      "avaible": "В наявності",
      "comments": ""
    },
    {
      "article": "GKCH159",
      "title": "Племена вітру (Tribes of the Wind)",
      "price": "1 950 грн",
      "avaible": "В наявності",
      "comments": "4"
    }
  ],
  "total_items": 40
}
